date,CPI,10Y_Treasury_Yield_x,2Y_Treasury_Yield_x,USD_EUR_Exchange_Rate,M2_Money_Supply,Unemployment_Rate,10Y_Treasury_Yield_y,2Y_Treasury_Yield_y,3M_Treasury_Yield,BAA_Corp_Bond_Yield,AAA_Corp_Bond_Yield
1947-01-01,21.48,,,,,,,,,,
1947-02-01,21.62,,,,,,,,,,
1947-03-01,22.0,,,,,,,,,,
1947-04-01,22.0,,,,,,,,,,
1947-05-01,21.95,,,,,,,,,,
1947-06-01,22.08,,,,,,,,,,
1947-07-01,22.23,,,,,,,,,,
1947-08-01,22.4,,,,,,,,,,
1947-09-01,22.84,,,,,,,,,,
1947-10-01,22.91,,,,,,,,,,
1947-11-01,23.06,,,,,,,,,,
1947-12-01,23.41,,,,,,,,,,
1948-01-01,23.68,,,,,3.4,,,,,
1948-02-01,23.67,,,,,3.8,,,,,
1948-03-01,23.5,,,,,4.0,,,,,
1948-04-01,23.82,,,,,3.9,,,,,
1948-05-01,24.01,,,,,3.5,,,,,
1948-06-01,24.15,,,,,3.6,,,,,
1948-07-01,24.4,,,,,3.6,,,,,
1948-08-01,24.43,,,,,3.9,,,,,
1948-09-01,24.36,,,,,3.8,,,,,
1948-10-01,24.31,,,,,3.7,,,,,
1948-11-01,24.16,,,,,3.8,,,,,
1948-12-01,24.05,,,,,4.0,,,,,
1949-01-01,24.01,,,,,4.3,,,,,
1949-02-01,23.91,,,,,4.7,,,,,
1949-03-01,23.91,,,,,5.0,,,,,
1949-04-01,23.92,,,,,5.3,,,,,
1949-05-01,23.91,,,,,6.1,,,,,
1949-06-01,23.92,,,,,6.2,,,,,
1949-07-01,23.7,,,,,6.7,,,,,
1949-08-01,23.7,,,,,6.8,,,,,
1949-09-01,23.75,,,,,6.6,,,,,
1949-10-01,23.67,,,,,7.9,,,,,
1949-11-01,23.7,,,,,6.4,,,,,
1949-12-01,23.61,,,,,6.6,,,,,
1950-01-01,23.51,,,,,6.5,,,,,
1950-02-01,23.61,,,,,6.4,,,,,
1950-03-01,23.64,,,,,6.3,,,,,
1950-04-01,23.65,,,,,5.8,,,,,
1950-05-01,23.77,,,,,5.5,,,,,
1950-06-01,23.88,,,,,5.4,,,,,
1950-07-01,24.07,,,,,5.0,,,,,
1950-08-01,24.2,,,,,4.5,,,,,
1950-09-01,24.34,,,,,4.4,,,,,
1950-10-01,24.5,,,,,4.2,,,,,
1950-11-01,24.6,,,,,4.2,,,,,
1950-12-01,24.98,,,,,4.3,,,,,
1951-01-01,25.38,,,,,3.7,,,,,
1951-02-01,25.83,,,,,3.4,,,,,
1951-03-01,25.88,,,,,3.4,,,,,
1951-04-01,25.92,,,,,3.1,,,,,
1951-05-01,25.99,,,,,3.0,,,,,
1951-06-01,25.93,,,,,3.2,,,,,
1951-07-01,25.91,,,,,3.1,,,,,
1951-08-01,25.86,,,,,3.1,,,,,
1951-09-01,26.03,,,,,3.3,,,,,
1951-10-01,26.16,,,,,3.5,,,,,
1951-11-01,26.32,,,,,3.5,,,,,
1951-12-01,26.47,,,,,3.1,,,,,
1952-01-01,26.45,,,,,3.2,,,,,
1952-02-01,26.41,,,,,3.1,,,,,
1952-03-01,26.39,,,,,2.9,,,,,
1952-04-01,26.46,,,,,2.9,,,,,
1952-05-01,26.47,,,,,3.0,,,,,
1952-06-01,26.53,,,,,3.0,,,,,
1952-07-01,26.68,,,,,3.2,,,,,
1952-08-01,26.69,,,,,3.4,,,,,
1952-09-01,26.63,,,,,3.1,,,,,
1952-10-01,26.69,,,,,3.0,,,,,
1952-11-01,26.69,,,,,2.8,,,,,
1952-12-01,26.71,,,,,2.7,,,,,
1953-01-01,26.64,,,,,2.9,,,,,
1953-02-01,26.59,,,,,2.6,,,,,
1953-03-01,26.63,,,,,2.6,,,,,
1953-04-01,26.69,,,,,2.7,,,,,
1953-05-01,26.7,,,,,2.5,,,,,
1953-06-01,26.77,,,,,2.5,,,,,
1953-07-01,26.79,,,,,2.6,,,,,
1953-08-01,26.85,,,,,2.7,,,,,
1953-09-01,26.89,,,,,2.9,,,,,
1953-10-01,26.95,,,,,3.1,,,,,
1953-11-01,26.85,,,,,3.5,,,,,
1953-12-01,26.87,,,,,4.5,,,,,
1954-01-01,26.94,,,,,4.9,,,,,
1954-02-01,26.99,,,,,5.2,,,,,
1954-03-01,26.93,,,,,5.7,,,,,
1954-04-01,26.86,,,,,5.9,,,,,
1954-05-01,26.93,,,,,5.9,,,,,
1954-06-01,26.94,,,,,5.6,,,,,
1954-07-01,26.86,,,,,5.8,,,,,
1954-08-01,26.85,,,,,6.0,,,,,
1954-09-01,26.81,,,,,6.1,,,,,
1954-10-01,26.72,,,,,5.7,,,,,
1954-11-01,26.78,,,,,5.3,,,,,
1954-12-01,26.77,,,,,5.0,,,,,
1955-01-01,26.77,,,,,4.9,,,,,
1955-02-01,26.82,,,,,4.7,,,,,
1955-03-01,26.79,,,,,4.6,,,,,
1955-04-01,26.79,,,,,4.7,,,,,
1955-05-01,26.77,,,,,4.3,,,,,
1955-06-01,26.71,,,,,4.2,,,,,
1955-07-01,26.76,,,,,4.0,,,,,
1955-08-01,26.72,,,,,4.2,,,,,
1955-09-01,26.85,,,,,4.1,,,,,
1955-10-01,26.82,,,,,4.3,,,,,
1955-11-01,26.88,,,,,4.2,,,,,
1955-12-01,26.87,,,,,4.2,,,,,
1956-01-01,26.83,,,,,4.0,,,,,
1956-02-01,26.86,,,,,3.9,,,,,
1956-03-01,26.89,,,,,4.2,,,,,
1956-04-01,26.93,,,,,4.0,,,,,
1956-05-01,27.03,,,,,4.3,,,,,
1956-06-01,27.15,,,,,4.3,,,,,
1956-07-01,27.29,,,,,4.4,,,,,
1956-08-01,27.31,,,,,4.1,,,,,
1956-09-01,27.35,,,,,3.9,,,,,
1956-10-01,27.51,,,,,3.9,,,,,
1956-11-01,27.51,,,,,4.3,,,,,
1956-12-01,27.63,,,,,4.2,,,,,
1957-01-01,27.67,,,,,4.2,,,,,
1957-02-01,27.8,,,,,3.9,,,,,
1957-03-01,27.86,,,,,3.7,,,,,
1957-04-01,27.93,,,,,3.9,,,,,
1957-05-01,28.0,,,,,4.1,,,,,
1957-06-01,28.11,,,,,4.3,,,,,
1957-07-01,28.19,,,,,4.2,,,,,
1957-08-01,28.28,,,,,4.1,,,,,
1957-09-01,28.32,,,,,4.4,,,,,
1957-10-01,28.32,,,,,4.5,,,,,
1957-11-01,28.41,,,,,5.1,,,,,
1957-12-01,28.47,,,,,5.2,,,,,
1958-01-01,28.64,,,,,5.8,,,,,
1958-02-01,28.7,,,,,6.4,,,,,
1958-03-01,28.87,,,,,6.7,,,,,
1958-04-01,28.94,,,,,7.4,,,,,
1958-05-01,28.94,,,,,7.4,,,,,
1958-06-01,28.91,,,,,7.3,,,,,
1958-07-01,28.89,,,,,7.5,,,,,
1958-08-01,28.94,,,,,7.4,,,,,
1958-09-01,28.91,,,,,7.1,,,,,
1958-10-01,28.91,,,,,6.7,,,,,
1958-11-01,28.95,,,,,6.2,,,,,
1958-12-01,28.97,,,,,6.2,,,,,
1959-01-01,29.01,,,,286.6,6.0,,,,,
1959-02-01,29.0,,,,287.7,5.9,,,,,
1959-03-01,28.97,,,,289.2,5.6,,,,,
1959-04-01,28.98,,,,290.1,5.2,,,,,
1959-05-01,29.04,,,,292.2,5.1,,,,,
1959-06-01,29.11,,,,294.1,5.0,,,,,
1959-07-01,29.15,,,,295.2,5.1,,,,,
1959-08-01,29.18,,,,296.4,5.2,,,,,
1959-09-01,29.25,,,,296.7,5.5,,,,,
1959-10-01,29.35,,,,296.5,5.7,,,,,
1959-11-01,29.35,,,,297.1,5.8,,,,,
1959-12-01,29.41,,,,297.8,5.3,,,,,
1960-01-01,29.37,,,,298.2,5.2,,,,,
1960-02-01,29.41,,,,298.4,4.8,,,,,
1960-03-01,29.41,,,,299.3,5.4,,,,,
1960-04-01,29.54,,,,300.1,5.2,,,,,
1960-05-01,29.57,,,,300.9,5.1,,,,,
1960-06-01,29.61,,,,302.3,5.4,,,,,
1960-07-01,29.55,,,,304.1,5.5,,,,,
1960-08-01,29.61,,,,306.9,5.6,,,,,
1960-09-01,29.61,,,,308.4,5.5,,,,,
1960-10-01,29.75,,,,309.5,6.1,,,,,
1960-11-01,29.78,,,,310.9,6.1,,,,,
1960-12-01,29.81,,,,312.4,6.6,,,,,
1961-01-01,29.84,,,,314.1,6.6,,,,,
1961-02-01,29.84,,,,316.5,6.9,,,,,
1961-03-01,29.84,,,,318.3,6.9,,,,,
1961-04-01,29.81,,,,319.9,7.0,,,,,
1961-05-01,29.84,,,,322.2,7.1,,,,,
1961-06-01,29.84,,,,324.3,6.9,,,,,
1961-07-01,29.92,,,,325.6,7.0,,,,,
1961-08-01,29.94,,,,327.6,6.6,,,,,
1961-09-01,29.98,,,,329.5,6.7,,,,,
1961-10-01,29.98,,,,331.1,6.5,,,,,
1961-11-01,29.98,,,,333.4,6.1,,,,,
1961-12-01,30.01,,,,335.5,6.0,,,,,
1962-01-01,30.04,4.1,,,337.5,5.8,4.1,,,,
1962-02-01,30.11,4.0,,,340.1,5.5,4.0,,,,
1962-03-01,30.17,3.86,,,343.1,5.6,3.86,,,,
1962-04-01,30.21,3.86,,,345.5,5.6,3.86,,,,
1962-05-01,30.24,3.9,,,347.5,5.5,3.9,,,,
1962-06-01,30.21,4.0,,,349.3,5.5,4.0,,,,
1962-07-01,30.22,4.04,,,350.8,5.4,4.04,,,,
1962-08-01,30.28,3.96,,,352.8,5.7,3.96,,,,
1962-09-01,30.42,3.94,,,354.9,5.6,3.94,,,,
1962-10-01,30.38,3.92,,,357.2,5.4,3.92,,,,
1962-11-01,30.38,3.92,,,359.8,5.7,3.92,,,,
1962-12-01,30.38,3.85,,,362.7,5.5,3.85,,,,
1963-01-01,30.44,3.87,,,365.2,5.7,3.87,,,,
1963-02-01,30.48,3.94,,,367.9,5.9,3.94,,,,
1963-03-01,30.51,3.95,,,370.7,5.7,3.95,,,,
1963-04-01,30.48,3.95,,,373.3,5.7,3.95,,,,
1963-05-01,30.51,3.96,,,376.1,5.9,3.96,,,,
1963-06-01,30.61,4.0,,,378.4,5.6,4.0,,,,
1963-07-01,30.69,4.0,,,381.1,5.6,4.0,,,,
1963-08-01,30.75,4.02,,,383.6,5.4,4.02,,,,
1963-09-01,30.72,4.07,,,386.0,5.5,4.07,,,,
1963-10-01,30.75,4.15,,,388.3,5.5,4.15,,,,
1963-11-01,30.78,4.08,,,391.5,5.7,4.08,,,,
1963-12-01,30.88,4.14,,,393.2,5.5,4.14,,,,
1964-01-01,30.94,4.15,,,395.2,5.6,4.15,,,,
1964-02-01,30.91,4.18,,,397.6,5.4,4.18,,,,
1964-03-01,30.94,4.23,,,399.8,5.4,4.23,,,,
1964-04-01,30.95,4.22,,,401.7,5.3,4.22,,,,
1964-05-01,30.98,4.19,,,404.2,5.1,4.19,,,,
1964-06-01,31.01,4.15,,,407.1,5.2,4.15,,,,
1964-07-01,31.02,4.19,,,410.1,4.9,4.19,,,,
1964-08-01,31.05,4.21,,,413.4,5.0,4.21,,,,
1964-09-01,31.08,4.18,,,416.9,5.1,4.18,,,,
1964-10-01,31.12,4.16,,,419.1,5.1,4.16,,,,
1964-11-01,31.21,4.2,,,422.0,4.8,4.2,,,,
1964-12-01,31.25,4.21,,,424.7,5.0,4.21,,,,
1965-01-01,31.28,4.19,,,427.5,4.9,4.19,,,,
1965-02-01,31.28,4.22,,,430.4,5.1,4.22,,,,
1965-03-01,31.31,4.2,,,433.2,4.7,4.2,,,,
1965-04-01,31.38,4.21,,,435.4,4.8,4.21,,,,
1965-05-01,31.48,4.23,,,437.1,4.6,4.23,,,,
1965-06-01,31.61,4.2,,,440.1,4.6,4.2,,,,
1965-07-01,31.58,4.22,,,442.9,4.4,4.22,,,,
1965-08-01,31.55,4.27,,,445.8,4.4,4.27,,,,
1965-09-01,31.62,4.35,,,449.5,4.3,4.35,,,,
1965-10-01,31.65,4.41,,,452.6,4.2,4.41,,,,
1965-11-01,31.75,4.48,,,455.7,4.1,4.48,,,,
1965-12-01,31.85,4.65,,,459.2,4.0,4.65,,,,
1966-01-01,31.88,4.69,,,462.0,4.0,4.69,,,,
1966-02-01,32.08,5.02,,,464.6,3.8,5.02,,,,
1966-03-01,32.18,4.71,,,467.2,3.8,4.71,,,,
1966-04-01,32.28,4.79,,,469.3,3.8,4.79,,,,
1966-05-01,32.35,4.8,,,470.1,3.9,4.8,,,,
1966-06-01,32.38,4.97,,,471.2,3.8,4.97,,,,
1966-07-01,32.45,5.05,,,470.9,3.8,5.05,,,,
1966-08-01,32.65,5.36,,,472.6,3.8,5.36,,,,
1966-09-01,32.75,5.02,,,475.4,3.7,5.02,,,,
1966-10-01,32.85,4.97,,,475.7,3.7,4.97,,,,
1966-11-01,32.88,5.12,,,477.3,3.6,5.12,,,,
1966-12-01,32.92,4.64,,,480.2,3.8,4.64,,,,
1967-01-01,32.9,4.52,,,481.6,3.9,4.52,,,,
1967-02-01,33.0,4.72,,,485.1,3.8,4.72,,,,
1967-03-01,33.0,4.5,,,489.7,3.8,4.5,,,,
1967-04-01,33.1,4.78,,,492.1,3.8,4.78,,,,
1967-05-01,33.1,4.81,,,497.2,3.8,4.81,,,,
1967-06-01,33.3,5.22,,,502.0,3.9,5.22,,,,
1967-07-01,33.4,5.16,,,506.3,3.8,5.16,,,,
1967-08-01,33.5,5.27,,,510.8,3.8,5.27,,,,
1967-09-01,33.6,5.31,,,514.7,3.8,5.31,,,,
1967-10-01,33.7,5.64,,,518.2,4.0,5.64,,,,
1967-11-01,33.9,5.74,,,521.2,3.9,5.74,,,,
1967-12-01,34.0,5.7,,,524.8,3.8,5.7,,,,
1968-01-01,34.1,5.54,,,527.4,3.7,5.54,,,,
1968-02-01,34.2,5.56,,,530.4,3.8,5.56,,,,
1968-03-01,34.3,5.76,,,533.2,3.7,5.76,,,,
1968-04-01,34.4,5.74,,,535.7,3.5,5.74,,,,
1968-05-01,34.5,5.86,,,538.9,3.5,5.86,,,,
1968-06-01,34.7,5.64,,,542.6,3.7,5.64,,,,
1968-07-01,34.9,5.39,,,545.6,3.7,5.39,,,,
1968-08-01,35.0,5.42,,,549.4,3.5,5.42,,,,
1968-09-01,35.1,5.49,,,553.6,3.4,5.49,,,,
1968-10-01,35.3,5.61,,,557.6,3.4,5.61,,,,
1968-11-01,35.4,5.78,,,562.4,3.4,5.78,,,,
1968-12-01,35.6,6.16,,,566.8,3.4,6.16,,,,
1969-01-01,35.7,6.19,,,569.3,3.4,6.19,,,,
1969-02-01,35.8,6.26,,,571.9,3.4,6.26,,,,
1969-03-01,36.1,6.3,,,574.4,3.4,6.3,,,,
1969-04-01,36.3,6.2,,,575.7,3.4,6.2,,,,
1969-05-01,36.4,6.56,,,576.5,3.4,6.56,,,,
1969-06-01,36.6,6.73,,,578.5,3.5,6.73,,,,
1969-07-01,36.8,6.66,,,579.5,3.5,6.66,,,,
1969-08-01,36.9,6.83,,,580.1,3.5,6.83,,,,
1969-09-01,37.1,7.51,,,582.1,3.7,7.51,,,,
1969-10-01,37.3,6.94,,,583.4,3.7,6.94,,,,
1969-11-01,37.5,7.29,,,585.4,3.5,7.29,,,,
1969-12-01,37.7,7.88,,,587.9,3.5,7.88,,,,
1970-01-01,37.9,7.75,,,589.6,3.9,7.75,,,,
1970-02-01,38.1,6.9,,,586.3,4.2,6.9,,,,
1970-03-01,38.3,7.08,,,587.3,4.4,7.08,,,,
1970-04-01,38.5,7.82,,,588.4,4.6,7.82,,,,
1970-05-01,38.6,7.95,,,591.5,4.8,7.95,,,,
1970-06-01,38.8,7.68,,,595.2,4.9,7.68,,,,
1970-07-01,38.9,7.38,,,599.1,5.0,7.38,,,,
1970-08-01,39.0,7.49,,,604.9,5.1,7.49,,,,
1970-09-01,39.2,7.29,,,611.2,5.4,7.29,,,,
1970-10-01,39.4,7.33,,,616.4,5.5,7.33,,,,
1970-11-01,39.6,6.49,,,621.1,5.9,6.49,,,,
1970-12-01,39.8,6.5,,,626.5,6.1,6.5,,,,
1971-01-01,39.9,6.09,,,632.9,5.9,6.09,,,,
1971-02-01,39.9,6.14,,,641.0,5.9,6.14,,,,
1971-03-01,40.0,5.53,,,649.9,6.0,5.53,,,,
1971-04-01,40.1,6.08,,,658.4,5.9,6.08,,,,
1971-05-01,40.3,6.38,,,666.7,5.9,6.38,,,,
1971-06-01,40.5,6.7,,,673.0,5.9,6.7,,,,
1971-07-01,40.6,6.85,,,679.6,6.0,6.85,,,,
1971-08-01,40.7,6.28,,,685.5,6.1,6.28,,,,
1971-09-01,40.8,6.0,,,692.5,6.0,6.0,,,,
1971-10-01,40.9,5.87,,,698.4,5.8,5.87,,,,
1971-11-01,41.0,5.93,,,704.6,6.0,5.93,,,,
1971-12-01,41.1,5.89,,,710.3,6.0,5.89,,,,
1972-01-01,41.2,6.09,,,717.7,5.8,6.09,,,,
1972-02-01,41.4,6.04,,,725.7,5.7,6.04,,,,
1972-03-01,41.4,6.12,,,733.5,5.8,6.12,,,,
1972-04-01,41.5,6.14,,,738.4,5.7,6.14,,,,
1972-05-01,41.6,6.05,,,743.3,5.7,6.05,,,,
1972-06-01,41.7,6.15,,,749.7,5.7,6.15,,,,
1972-07-01,41.8,6.12,,,759.5,5.6,6.12,,,,
1972-08-01,41.9,6.42,,,768.7,5.6,6.42,,,,
1972-09-01,42.1,6.54,,,778.3,5.5,6.54,,,,
1972-10-01,42.2,6.41,,,786.9,5.6,6.41,,,,
1972-11-01,42.4,6.28,,,793.9,5.3,6.28,,,,
1972-12-01,42.5,6.41,,,802.3,5.2,6.41,,,,
1973-01-01,42.7,6.54,,,810.3,4.9,6.54,,,,
1973-02-01,43.0,6.64,,,814.1,5.0,6.64,,,,
1973-03-01,43.4,6.73,,,815.3,4.9,6.73,,,,
1973-04-01,43.7,6.7,,,819.7,5.0,6.7,,,,
1973-05-01,43.9,6.93,,,826.8,4.9,6.93,,,,
1973-06-01,44.2,6.94,,,833.3,4.9,6.94,,,,
1973-07-01,44.2,7.43,,,836.5,4.8,7.43,,,,
1973-08-01,45.0,7.25,,,838.8,4.8,7.25,,,,
1973-09-01,45.2,6.9,,,839.3,4.8,6.9,,,,
1973-10-01,45.6,6.71,,,842.6,4.6,6.71,,,,
1973-11-01,45.9,6.69,,,848.9,4.8,6.69,,,,
1973-12-01,46.3,6.9,,,855.5,4.9,6.9,,,,
1974-01-01,46.8,7.0,,,859.7,5.1,7.0,,,,
1974-02-01,47.3,7.01,,,864.2,5.2,7.01,,,,
1974-03-01,47.8,7.41,,,870.1,5.1,7.41,,,,
1974-04-01,48.1,7.66,,,872.9,5.1,7.66,,,,
1974-05-01,48.6,7.52,,,874.6,5.1,7.52,,,,
1974-06-01,49.0,7.64,,,877.8,5.4,7.64,,,,
1974-07-01,49.3,7.89,,,881.4,5.5,7.89,,,,
1974-08-01,49.9,8.11,,,884.1,5.5,8.11,,,,
1974-09-01,50.6,7.94,,,887.9,5.9,7.94,,,,
1974-10-01,51.0,7.79,,,893.3,6.0,7.79,,,,
1974-11-01,51.5,7.64,,,898.6,6.6,7.64,,,,
1974-12-01,51.9,7.4,,,902.1,7.2,7.4,,,,
1975-01-01,52.3,7.53,,,906.3,8.1,7.53,,,,
1975-02-01,52.6,7.46,,,914.1,8.1,7.46,,,,
1975-03-01,52.8,8.01,,,925.0,8.6,8.01,,,,
1975-04-01,53.0,8.31,,,935.1,8.8,8.31,,,,
1975-05-01,53.1,8.04,,,947.9,9.0,8.04,,,,
1975-06-01,53.5,7.96,,,963.0,8.8,7.96,,,,
1975-07-01,54.0,8.2,,,975.1,8.6,8.2,,,,
1975-08-01,54.2,8.22,,,983.1,8.4,8.22,,,,
1975-09-01,54.6,8.48,,,991.5,8.4,8.48,,,,
1975-10-01,54.9,7.91,,,997.8,8.4,7.91,,,,
1975-11-01,55.3,8.14,,,1006.9,8.3,8.14,,,,
1975-12-01,55.6,7.76,,,1016.2,8.2,7.76,,,,
1976-01-01,55.8,7.8,,,1026.6,7.9,7.8,,,,
1976-02-01,55.9,7.77,,,1040.3,7.7,7.77,,,,
1976-03-01,56.0,7.66,,,1050.0,7.6,7.66,,,,
1976-04-01,56.1,7.67,,,1060.8,7.7,7.67,,,,
1976-05-01,56.4,7.96,,,1072.1,7.4,7.96,,,,
1976-06-01,56.7,7.86,7.02,,1077.6,7.6,7.86,7.02,,,
1976-07-01,57.0,7.86,6.74,,1086.3,7.8,7.86,6.74,,,
1976-08-01,57.3,7.66,6.5,,1098.7,7.8,7.66,6.5,,,
1976-09-01,57.6,7.55,6.33,,1110.8,7.6,7.55,6.33,,,
1976-10-01,57.9,7.42,6.03,,1125.0,7.7,7.42,6.03,,,
1976-11-01,58.1,7.01,5.42,,1138.2,7.8,7.01,5.42,,,
1976-12-01,58.4,6.81,5.34,,1152.0,7.8,6.81,5.34,,,
1977-01-01,58.7,7.4,6.18,,1165.2,7.5,7.4,6.18,,,
1977-02-01,59.3,7.45,6.08,,1177.6,7.6,7.45,6.08,,,
1977-03-01,59.6,7.42,6.01,,1188.5,7.4,7.42,6.01,,,
1977-04-01,60.0,7.45,6.14,,1199.6,7.2,7.45,6.14,,,
1977-05-01,60.2,7.38,6.18,,1209.0,7.0,7.38,6.18,,,
1977-06-01,60.5,7.2,6.08,,1217.8,7.2,7.2,6.08,,,
1977-07-01,60.8,7.42,6.5,,1226.7,6.9,7.42,6.5,,,
1977-08-01,61.1,7.28,6.59,,1237.0,7.0,7.28,6.59,,,
1977-09-01,61.3,7.41,6.82,,1246.2,6.8,7.41,6.82,,,
1977-10-01,61.6,7.62,7.23,,1254.0,6.8,7.62,7.23,,,
1977-11-01,62.0,7.55,7.11,,1262.4,6.8,7.55,7.11,,,
1977-12-01,62.3,7.78,7.22,,1270.3,6.4,7.78,7.22,,,
1978-01-01,62.7,7.94,7.47,,1279.7,6.4,7.94,7.47,,,
1978-02-01,63.0,8.04,7.57,,1285.5,6.3,8.04,7.57,,,
1978-03-01,63.4,8.15,7.7,,1292.2,6.3,8.15,7.7,,,
1978-04-01,63.9,8.24,7.97,,1300.4,6.1,8.24,7.97,,,
1978-05-01,64.5,8.42,8.12,,1310.5,6.0,8.42,8.12,,,
1978-06-01,65.0,8.62,8.48,,1318.5,5.9,8.62,8.48,,,
1978-07-01,65.5,8.56,8.47,,1324.1,6.2,8.56,8.47,,,
1978-08-01,65.9,8.39,8.46,,1333.5,5.9,8.39,8.46,,,
1978-09-01,66.5,8.56,8.7,,1345.0,6.0,8.56,8.7,,,
1978-10-01,67.1,8.96,9.49,,1352.3,5.8,8.96,9.49,,,
1978-11-01,67.5,8.86,9.55,,1359.1,5.9,8.86,9.55,,,
1978-12-01,67.9,9.15,9.98,,1366.0,6.0,9.15,9.98,,,
1979-01-01,68.5,8.95,9.64,,1371.6,5.9,8.95,9.64,,,
1979-02-01,69.2,9.17,9.89,,1377.8,5.9,9.17,9.89,,,
1979-03-01,69.9,9.11,9.72,,1387.8,5.8,9.11,9.72,,,
1979-04-01,70.6,9.35,9.91,,1402.1,5.8,9.35,9.91,,,
1979-05-01,71.4,9.06,9.56,,1410.2,5.6,9.06,9.56,,,
1979-06-01,72.2,8.81,8.97,,1423.0,5.7,8.81,8.97,,,
1979-07-01,73.0,9.01,9.31,,1434.8,5.7,9.01,9.31,,,
1979-08-01,73.7,9.24,9.84,,1446.6,6.0,9.24,9.84,,,
1979-09-01,74.4,9.44,10.1,,1454.1,5.9,9.44,10.1,,,
1979-10-01,75.2,10.72,12.06,,1460.4,6.0,10.72,12.06,,,
1979-11-01,76.0,10.38,11.33,,1465.9,5.9,10.38,11.33,,,
1979-12-01,76.9,10.33,11.23,,1473.7,6.0,10.33,11.23,,,
1980-01-01,78.0,11.13,11.75,,1482.7,6.3,11.13,11.75,,,
1980-02-01,79.0,12.72,14.73,,1494.6,6.3,12.72,14.73,,,
1980-03-01,80.1,12.64,14.63,,1499.8,6.3,12.64,14.63,,,
1980-04-01,80.9,10.76,10.81,,1502.2,6.9,10.76,10.81,,,
1980-05-01,81.7,10.25,9.25,,1512.3,7.5,10.25,9.25,,,
1980-06-01,82.5,10.09,8.97,,1529.2,7.6,10.09,8.97,,,
1980-07-01,82.6,10.76,9.72,,1545.5,7.8,10.76,9.72,,,
1980-08-01,83.2,11.55,11.36,,1561.5,7.7,11.55,11.36,,,
1980-09-01,83.9,11.86,12.13,,1574.0,7.5,11.86,12.13,,,
1980-10-01,84.7,12.46,13.08,,1584.8,7.5,12.46,13.08,,,
1980-11-01,85.6,12.72,14.13,,1595.8,7.5,12.72,14.13,,,
1980-12-01,86.4,12.43,13.06,,1599.8,7.2,12.43,13.06,,,
1981-01-01,87.2,12.68,13.26,,1606.9,7.5,12.68,13.26,,,
1981-02-01,88.0,13.43,14.08,,1618.7,7.4,13.43,14.08,,,
1981-03-01,88.6,13.13,13.17,,1636.6,7.4,13.13,13.17,,,
1981-04-01,89.1,14.11,14.84,,1659.2,7.2,14.11,14.84,,,
1981-05-01,89.7,13.5,14.4,,1664.2,7.5,13.5,14.4,,,
1981-06-01,90.5,13.86,14.66,,1670.3,7.5,13.86,14.66,,,
1981-07-01,91.5,14.67,15.84,,1681.9,7.2,14.67,15.84,,,
1981-08-01,92.2,15.41,16.73,,1694.3,7.4,15.41,16.73,,,
1981-09-01,93.1,15.84,16.69,,1706.0,7.6,15.84,16.69,15.05,,
1981-10-01,93.4,14.63,14.59,,1721.8,7.9,14.63,14.59,13.33,,
1981-11-01,93.8,13.13,12.36,,1736.1,8.3,13.13,12.36,10.78,,
1981-12-01,94.1,13.98,13.63,,1755.5,8.5,13.98,13.63,11.54,,
1982-01-01,94.4,14.14,14.24,,1770.4,8.6,14.14,14.24,13.08,,
1982-02-01,94.7,14.03,14.44,,1774.5,8.9,14.03,14.44,13.0,,
1982-03-01,94.7,14.18,14.52,,1786.5,9.0,14.18,14.52,13.99,,
1982-04-01,95.0,13.87,13.99,,1803.9,9.3,13.87,13.99,13.15,,
1982-05-01,95.9,13.71,13.62,,1815.4,9.4,13.71,13.62,11.97,,
1982-06-01,97.0,14.44,14.66,,1826.0,9.6,14.44,14.66,13.36,,
1982-07-01,97.5,13.68,13.17,,1831.5,9.8,13.68,13.17,10.57,,
1982-08-01,97.7,12.81,11.99,,1845.2,9.8,12.81,11.99,8.72,,
1982-09-01,97.7,11.73,11.23,,1858.4,10.1,11.73,11.23,7.88,,
1982-10-01,98.1,10.71,9.85,,1869.7,10.4,10.71,9.85,8.17,,
1982-11-01,98.0,10.79,9.96,,1883.7,10.8,10.79,9.96,8.56,,
1982-12-01,97.7,10.36,9.48,,1905.9,10.8,10.36,9.48,8.2,,
1983-01-01,97.9,10.8,9.58,,1959.4,10.4,10.8,9.58,8.36,,1.23
1983-02-01,98.0,10.27,9.31,,1996.8,10.4,10.27,9.31,8.21,,1.39
1983-03-01,98.1,10.62,9.87,,2015.2,10.3,10.62,9.87,8.96,,1.13
1983-04-01,98.8,10.27,9.35,,2028.6,10.2,10.27,9.35,8.38,,1.09
1983-05-01,99.2,10.81,10.02,,2043.1,10.1,10.81,10.02,8.97,,0.98
1983-06-01,99.4,10.96,10.23,,2053.5,10.1,10.96,10.23,9.15,,0.86
1983-07-01,99.8,11.76,11.03,,2064.8,9.4,11.76,11.03,9.59,,0.74
1983-08-01,100.1,11.98,11.18,,2074.0,9.5,11.98,11.18,9.64,,0.59
1983-09-01,100.4,11.44,10.53,,2083.2,9.2,11.44,10.53,9.04,,0.79
1983-10-01,100.8,11.74,10.61,,2099.2,8.8,11.74,10.61,8.83,,0.66
1983-11-01,101.1,11.63,10.67,,2112.3,8.5,11.63,10.67,9.24,,0.74
1983-12-01,101.4,11.82,10.85,,2123.5,8.3,11.82,10.85,9.33,,0.73
1984-01-01,102.1,11.67,10.58,,2138.2,8.0,11.67,10.58,9.26,,0.3
1984-02-01,102.6,12.04,10.99,,2158.2,7.8,12.04,10.99,9.49,,0.27
1984-03-01,102.9,12.53,11.6,,2175.2,7.8,12.53,11.6,10.09,,0.17
1984-04-01,103.3,12.82,11.89,,2191.7,7.7,12.82,11.89,10.1,,0.18
1984-05-01,103.5,13.91,13.0,,2204.1,7.4,13.91,13.0,10.13,,-0.34
1984-06-01,103.7,13.84,13.17,,2215.1,7.2,13.84,13.17,10.31,,-0.09
1984-07-01,104.1,12.91,12.57,,2223.5,7.5,12.91,12.57,10.83,,0.23
1984-08-01,104.4,12.79,12.54,,2230.4,7.5,12.79,12.54,11.06,,0.08
1984-09-01,104.7,12.47,12.07,,2244.4,7.3,12.47,12.07,10.63,,0.08
1984-10-01,105.1,11.79,11.09,,2258.9,7.4,11.79,11.09,9.35,,0.75
1984-11-01,105.3,11.58,10.5,,2281.4,7.2,11.58,10.5,8.74,,0.57
1984-12-01,105.5,11.55,10.02,,2306.4,7.3,11.55,10.02,8.12,,0.6
1985-01-01,105.7,11.17,9.9,,2332.4,7.3,11.17,9.9,8.33,,0.65
1985-02-01,106.3,11.91,10.66,,2354.1,7.2,11.91,10.66,8.81,,0.65
1985-03-01,106.8,11.65,10.43,,2366.2,7.2,11.65,10.43,8.47,,0.77
1985-04-01,107.0,11.41,9.91,,2375.4,7.3,11.41,9.91,8.12,,0.77
1985-05-01,107.2,10.28,8.92,,2389.5,7.2,10.28,8.92,7.38,,0.89
1985-06-01,107.5,10.25,8.67,,2412.6,7.4,10.25,8.67,7.05,,0.74
1985-07-01,107.7,10.57,9.01,,2429.5,7.4,10.57,9.01,7.52,,0.66
1985-08-01,107.9,10.28,8.96,,2444.0,7.1,10.28,8.96,7.38,,0.63
1985-09-01,108.1,10.31,8.88,,2456.4,7.1,10.31,8.88,7.27,,0.76
1985-10-01,108.5,10.01,8.7,,2468.0,7.1,10.01,8.7,7.42,,0.82
1985-11-01,109.0,9.59,8.46,,2477.8,7.0,9.59,8.46,7.39,,0.82
1985-12-01,109.5,9.0,7.98,,2492.1,7.0,9.0,7.98,7.28,,0.91
1986-01-01,109.9,9.08,7.99,,2502.1,6.7,9.08,7.99,7.19,2.29,0.89
1986-02-01,109.7,8.13,7.71,,2512.9,7.2,8.13,7.71,7.24,2.49,1.0
1986-03-01,109.1,7.39,6.92,,2533.1,7.2,7.39,6.92,6.53,2.92,1.34
1986-04-01,108.7,7.38,6.83,,2557.8,7.1,7.38,6.83,6.28,2.78,1.56
1986-05-01,109.0,8.05,7.36,,2584.8,7.2,8.05,7.36,6.49,2.36,1.19
1986-06-01,109.4,7.35,6.81,,2605.0,7.2,7.35,6.81,6.13,2.81,1.61
1986-07-01,109.5,7.34,6.57,,2626.6,7.0,7.34,6.57,5.96,2.91,1.51
1986-08-01,109.6,6.95,5.94,,2646.5,6.9,6.95,5.94,5.31,3.07,1.64
1986-09-01,110.0,7.45,6.38,,2667.8,7.0,7.45,6.38,5.34,2.75,1.44
1986-10-01,110.2,7.34,6.26,,2687.4,7.0,7.34,6.26,5.34,2.82,1.45
1986-11-01,110.4,7.15,6.21,,2701.3,6.9,7.15,6.21,5.54,2.85,1.38
1986-12-01,110.8,7.23,6.35,,2728.0,6.6,7.23,6.35,5.83,2.76,1.3
1987-01-01,111.4,7.18,6.33,,2743.9,6.6,7.18,6.33,5.76,2.5,1.18
1987-02-01,111.8,7.19,6.35,,2747.5,6.6,7.19,6.35,5.6,2.43,1.17
1987-03-01,112.2,7.51,6.54,,2753.7,6.6,7.51,6.54,5.79,2.19,0.96
1987-04-01,112.7,8.21,7.38,,2767.7,6.3,8.21,7.38,5.7,2.16,0.96
1987-05-01,113.0,8.49,7.69,,2772.9,6.3,8.49,7.69,5.87,2.08,0.91
1987-06-01,113.5,8.38,7.48,,2774.6,6.2,8.38,7.48,5.91,2.12,0.95
1987-07-01,113.8,8.66,7.63,,2779.0,6.1,8.66,7.63,6.27,2.11,0.91
1987-08-01,114.3,9.0,7.97,,2788.2,6.0,9.0,7.97,6.45,1.92,0.79
1987-09-01,114.7,9.63,8.6,,2799.5,5.9,9.63,8.6,6.83,1.91,0.78
1987-10-01,115.0,8.88,7.58,,2814.8,6.0,8.88,7.58,5.45,2.45,1.31
1987-11-01,115.4,8.99,7.73,,2818.9,5.8,8.99,7.73,5.42,2.24,1.14
1987-12-01,115.6,8.83,7.77,,2826.4,5.7,8.83,7.77,5.86,2.39,1.23
1988-01-01,116.0,8.26,7.22,,2847.4,5.7,8.26,7.22,5.82,2.51,1.26
1988-02-01,116.2,8.16,7.13,,2870.4,5.7,8.16,7.13,5.8,2.37,1.13
1988-03-01,116.5,8.57,7.41,,2890.7,5.7,8.57,7.41,5.87,2.19,0.99
1988-04-01,117.2,8.87,7.73,,2910.7,5.4,8.87,7.73,6.16,2.07,0.86
1988-05-01,117.5,9.2,8.21,,2926.0,5.6,9.2,8.21,6.67,1.93,0.86
1988-06-01,118.0,8.82,8.02,,2938.4,5.4,8.82,8.02,6.77,2.16,1.01
1988-07-01,118.5,9.12,8.39,,2947.2,5.4,9.12,8.39,7.18,2.07,0.91
1988-08-01,119.0,9.25,8.71,,2952.0,5.6,9.25,8.71,7.54,1.97,0.88
1988-09-01,119.5,8.87,8.43,,2956.9,5.4,8.87,8.43,7.49,1.62,0.78
1988-10-01,119.9,8.65,8.25,,2965.3,5.4,8.65,8.25,7.62,1.58,0.74
1988-11-01,120.3,9.06,8.84,,2980.2,5.3,9.06,8.84,8.1,1.55,0.47
1988-12-01,120.7,9.14,9.14,,2988.2,5.3,9.14,9.14,8.37,1.55,0.47
1989-01-01,121.2,9.01,9.12,,2991.7,5.4,9.01,9.12,8.69,1.56,0.56
1989-02-01,121.6,9.32,9.55,,2992.2,5.2,9.32,9.55,9.03,1.35,0.44
1989-03-01,122.2,9.3,9.73,,2999.7,5.0,9.3,9.73,9.23,1.31,0.55
1989-04-01,123.1,9.02,9.22,,3006.0,5.2,9.02,9.22,8.71,1.55,0.69
1989-05-01,123.7,8.6,8.82,,3011.6,5.2,8.6,8.82,8.92,1.7,0.79
1989-06-01,124.1,8.1,8.08,,3027.9,5.3,8.1,8.08,8.26,1.83,0.91
1989-07-01,124.5,7.82,7.53,,3052.4,5.2,7.82,7.53,8.04,1.99,1.03
1989-08-01,124.5,8.26,8.42,,3074.4,5.2,8.26,8.42,8.16,1.7,0.79
1989-09-01,124.8,8.31,8.46,,3092.5,5.3,8.31,8.46,8.18,1.62,0.73
1989-10-01,125.4,7.92,7.85,,3114.1,5.3,7.92,7.85,8.04,1.84,1.0
1989-11-01,125.9,7.84,7.75,,3133.3,5.4,7.84,7.75,7.84,1.99,1.05
1989-12-01,126.3,7.93,7.87,,3152.5,5.4,7.93,7.87,7.8,1.91,0.94
1990-01-01,127.5,8.43,8.28,,3166.8,5.4,8.43,8.28,8.0,1.68,0.72
1990-02-01,128.0,8.51,8.43,,3179.2,5.3,8.51,8.43,8.04,1.68,0.74
1990-03-01,128.6,8.65,8.64,,3190.1,5.2,8.65,8.64,8.07,1.58,0.74
1990-04-01,128.9,9.04,8.96,,3201.6,5.4,9.04,8.96,8.07,1.5,0.59
1990-05-01,129.1,8.6,8.5,,3200.6,5.4,8.6,8.5,8.01,1.71,0.77
1990-06-01,129.9,8.43,8.24,,3213.7,5.2,8.43,8.24,8.0,1.79,0.81
1990-07-01,130.5,8.36,7.91,,3224.5,5.5,8.36,7.91,7.74,1.77,0.85
1990-08-01,131.6,8.86,8.07,,3242.0,5.7,8.86,8.07,7.63,1.69,0.72
1990-09-01,132.5,8.82,8.02,,3254.6,5.9,8.82,8.02,7.37,1.94,0.78
1990-10-01,133.4,8.65,7.77,,3259.3,5.9,8.65,7.77,7.34,2.13,0.84
1990-11-01,133.7,8.26,7.53,,3262.6,6.2,8.26,7.53,7.24,2.27,0.91
1990-12-01,134.2,8.08,7.15,,3271.8,6.3,8.08,7.15,6.63,2.35,0.97
1991-01-01,134.7,8.03,7.05,,3287.7,6.4,8.03,7.05,6.37,2.3,0.96
1991-02-01,134.8,8.02,7.04,,3304.5,6.6,8.02,7.04,6.22,2.09,0.84
1991-03-01,134.8,8.05,7.02,,3321.9,6.8,8.05,7.02,5.92,1.96,0.85
1991-04-01,135.1,8.02,6.8,,3332.4,6.7,8.02,6.8,5.68,1.83,0.81
1991-05-01,135.6,8.06,6.68,,3343.0,6.9,8.06,6.68,5.71,1.77,0.82
1991-06-01,136.0,8.24,6.9,,3351.9,6.9,8.24,6.9,5.71,1.66,0.78
1991-07-01,136.2,8.2,6.81,,3356.1,6.8,8.2,6.81,5.7,1.6,0.73
1991-08-01,136.6,7.82,6.36,,3355.0,6.9,7.82,6.36,5.49,1.75,0.87
1991-09-01,137.0,7.47,5.99,,3354.9,6.9,7.47,5.99,5.26,1.94,1.06
1991-10-01,137.2,7.47,5.7,,3360.1,7.0,7.47,5.7,4.96,2.02,1.1
1991-11-01,137.8,7.38,5.38,,3365.5,7.0,7.38,5.38,4.47,2.06,1.06
1991-12-01,138.2,6.71,4.77,,3372.2,7.3,6.71,4.77,3.96,2.39,1.45
1992-01-01,138.3,7.31,5.11,,3381.2,7.3,7.31,5.11,3.94,1.9,0.96
1992-02-01,138.6,7.27,5.27,,3400.0,7.4,7.27,5.27,4.03,1.9,1.0
1992-03-01,139.1,7.54,5.6,,3403.9,7.4,7.54,5.6,4.15,1.7,0.83
1992-04-01,139.4,7.61,5.46,,3399.7,7.4,7.61,5.46,3.79,1.63,0.78
1992-05-01,139.7,7.33,5.19,,3398.6,7.6,7.33,5.19,3.79,1.77,0.9
1992-06-01,140.1,7.14,4.83,,3393.4,7.8,7.14,4.83,3.65,1.86,1.04
1992-07-01,140.5,6.72,4.42,,3393.9,7.7,6.72,4.42,3.25,1.97,1.28
1992-08-01,140.8,6.62,4.15,,3398.8,7.6,6.62,4.15,3.23,2.06,1.34
1992-09-01,141.1,6.37,3.8,,3410.3,7.6,6.37,3.8,2.75,2.29,1.57
1992-10-01,141.7,6.8,4.4,,3423.8,7.3,6.8,4.4,3.03,2.19,1.29
1992-11-01,142.1,6.95,4.79,,3426.5,7.4,6.95,4.79,3.38,2.0,1.13
1992-12-01,142.3,6.7,4.56,,3424.7,7.4,6.7,4.56,3.15,2.06,1.21
1993-01-01,142.8,6.39,4.2,,3419.1,7.3,6.39,4.2,2.96,2.11,1.41
1993-02-01,143.1,6.03,3.92,,3414.5,7.1,6.03,3.92,3.01,2.2,1.58
1993-03-01,143.3,6.03,3.96,,3411.7,7.0,6.03,3.96,2.95,2.18,1.6
1993-04-01,143.8,6.05,3.83,,3411.3,7.1,6.05,3.83,2.97,2.12,1.36
1993-05-01,144.2,6.16,4.24,,3436.9,7.1,6.16,4.24,3.13,2.1,1.3
1993-06-01,144.3,5.8,4.03,,3442.4,7.0,5.8,4.03,3.1,2.16,1.44
1993-07-01,144.5,5.83,4.13,,3442.0,6.9,5.83,4.13,3.1,2.05,1.25
1993-08-01,144.8,5.45,3.88,,3445.7,6.8,5.45,3.88,3.08,1.91,1.2
1993-09-01,145.0,5.4,3.89,,3452.2,6.7,5.4,3.89,2.98,2.0,1.33
1993-10-01,145.6,5.43,3.99,,3456.7,6.8,5.43,3.99,3.1,1.96,1.29
1993-11-01,146.0,5.83,4.22,,3470.1,6.6,5.83,4.22,3.21,1.91,1.16
1993-12-01,146.3,5.83,4.25,,3474.5,6.5,5.83,4.25,3.07,1.94,1.17
1994-01-01,146.3,5.7,4.12,,3474.9,6.6,5.7,4.12,3.05,1.85,1.15
1994-02-01,146.7,6.15,4.67,,3475.7,6.6,6.15,4.67,3.47,1.77,1.1
1994-03-01,147.1,6.77,5.21,,3480.1,6.5,6.77,5.21,3.56,1.59,0.95
1994-04-01,147.2,7.06,5.73,,3481.3,6.4,7.06,5.73,3.97,1.48,0.84
1994-05-01,147.5,7.17,6.01,,3490.8,6.1,7.17,6.01,4.31,1.51,0.86
1994-06-01,147.9,7.34,6.19,,3479.5,6.1,7.34,6.19,4.26,1.52,0.84
1994-07-01,148.4,7.12,5.99,,3488.2,6.1,7.12,5.99,4.39,1.49,0.8
1994-08-01,149.0,7.19,6.17,,3485.7,6.0,7.19,6.17,4.68,1.55,0.89
1994-09-01,149.3,7.62,6.62,,3486.1,5.9,7.62,6.62,4.8,1.5,0.88
1994-10-01,149.4,7.81,6.84,,3484.3,5.8,7.81,6.84,5.2,1.4,0.77
1994-11-01,149.8,7.91,7.4,,3487.2,5.6,7.91,7.4,5.72,1.3,0.66
1994-12-01,150.1,7.84,7.69,,3486.4,5.5,7.84,7.69,5.68,1.3,0.65
1995-01-01,150.5,7.6,7.26,,3492.4,5.6,7.6,7.26,6.0,1.33,0.74
1995-02-01,150.9,7.22,6.79,,3489.9,5.4,7.22,6.79,5.94,1.53,0.94
1995-03-01,151.2,7.2,6.8,,3491.1,5.4,7.2,6.8,5.88,1.49,0.93
1995-04-01,151.8,7.07,6.6,,3499.2,5.8,7.07,6.6,5.87,1.51,0.94
1995-05-01,152.1,6.3,5.89,,3524.2,5.6,6.3,5.89,5.81,1.66,1.09
1995-06-01,152.4,6.21,5.79,,3548.9,5.6,6.21,5.79,5.6,1.74,1.14
1995-07-01,152.6,6.45,5.88,,3567.4,5.7,6.45,5.88,5.6,1.72,1.1
1995-08-01,152.9,6.28,5.85,,3589.0,5.7,6.28,5.85,5.45,1.73,1.1
1995-09-01,153.1,6.17,5.83,,3602.1,5.6,6.17,5.83,5.4,1.71,1.1
1995-10-01,153.5,6.03,5.61,,3613.4,5.5,6.03,5.61,5.48,1.7,1.04
1995-11-01,153.7,5.76,5.36,,3619.9,5.6,5.76,5.36,5.48,1.81,1.13
1995-12-01,153.9,5.58,5.18,,3629.5,5.6,5.58,5.18,5.1,1.8,1.13
1996-01-01,154.7,5.6,4.93,,3647.9,5.6,5.6,4.93,5.05,1.82,1.18
1996-02-01,155.0,6.13,5.44,,3661.8,5.5,6.13,5.44,5.02,1.78,1.12
1996-03-01,155.5,6.34,5.79,,3686.9,5.5,6.34,5.79,5.13,1.78,1.08
1996-04-01,156.1,6.66,6.03,,3697.7,5.6,6.66,6.03,5.14,1.61,0.93
1996-05-01,156.4,6.85,6.27,,3709.6,5.6,6.85,6.27,5.18,1.48,0.82
1996-06-01,156.7,6.73,6.11,,3722.5,5.3,6.73,6.11,5.18,1.51,0.81
1996-07-01,157.0,6.8,6.22,,3737.1,5.5,6.8,6.22,5.32,1.5,0.78
1996-08-01,157.2,6.96,6.34,,3744.0,5.1,6.96,6.34,5.29,1.48,0.8
1996-09-01,157.7,6.72,6.1,,3753.4,5.2,6.72,6.1,5.14,1.5,0.82
1996-10-01,158.2,6.37,5.77,,3772.8,5.2,6.37,5.77,5.17,1.54,0.86
1996-11-01,158.7,6.06,5.59,,3795.1,5.4,6.06,5.59,5.13,1.65,0.95
1996-12-01,159.1,6.43,5.88,,3818.6,5.4,6.43,5.88,5.21,1.54,0.84
1997-01-01,159.4,6.53,5.94,,3834.6,5.3,6.53,5.94,5.15,1.5,0.86
1997-02-01,159.7,6.56,6.09,,3846.3,5.2,6.56,6.09,5.22,1.49,0.87
1997-03-01,159.8,6.92,6.45,,3861.2,5.2,6.92,6.45,5.35,1.4,0.79
1997-04-01,159.9,6.72,6.29,,3877.0,5.1,6.72,6.29,5.28,1.5,0.88
1997-05-01,159.9,6.67,6.22,,3889.2,4.9,6.67,6.22,4.96,1.51,0.9
1997-06-01,160.2,6.51,6.08,,3906.0,5.0,6.51,6.08,5.25,1.5,0.92
1997-07-01,160.4,6.02,5.74,,3923.9,4.9,6.02,5.74,5.25,1.54,0.92
1997-08-01,160.8,6.34,5.97,,3957.4,4.8,6.34,5.97,5.24,1.44,0.91
1997-09-01,161.2,6.12,5.8,,3973.1,4.9,6.12,5.8,5.06,1.54,0.96
1997-10-01,161.5,5.84,5.63,,3992.3,4.7,5.84,5.63,5.21,1.6,1.03
1997-11-01,161.7,5.86,5.76,,4014.8,4.6,5.86,5.76,5.22,1.52,0.97
1997-12-01,161.8,5.75,5.66,,4032.9,4.7,5.75,5.66,5.36,1.53,0.96
1998-01-01,162.0,5.53,5.32,,4056.2,4.6,5.53,5.32,5.19,1.68,1.09
1998-02-01,162.0,5.62,5.55,,4088.9,4.6,5.62,5.55,5.32,1.67,1.09
1998-03-01,162.0,5.67,5.6,,4114.3,4.7,5.67,5.6,5.16,1.67,1.04
1998-04-01,162.2,5.68,5.59,,4140.2,4.3,5.68,5.59,5.0,1.66,1.04
1998-05-01,162.6,5.56,5.53,,4164.4,4.4,5.56,5.53,5.03,1.63,1.03
1998-06-01,162.8,5.44,5.49,,4184.1,4.5,5.44,5.49,5.1,1.67,1.07
1998-07-01,163.2,5.5,5.49,,4203.8,4.5,5.5,5.49,5.1,1.71,1.1
1998-08-01,163.4,5.05,4.91,,4228.7,4.5,5.05,4.91,4.96,2.06,1.41
1998-09-01,163.5,4.44,4.3,,4267.7,4.6,4.44,4.3,4.37,2.57,1.8
1998-10-01,163.9,4.64,4.12,,4307.9,4.5,4.64,4.12,4.33,2.65,1.83
1998-11-01,164.1,4.74,4.54,,4346.6,4.4,4.74,4.54,4.57,2.45,1.43
1998-12-01,164.4,4.65,4.54,,4375.6,4.4,4.65,4.54,4.48,2.58,1.58
1999-01-01,164.7,4.66,4.58,1.1371,4403.0,4.3,4.66,4.58,4.48,2.55,1.5
1999-02-01,164.7,5.29,5.13,1.0995,4425.8,4.4,5.29,5.13,4.66,2.24,1.3
1999-03-01,164.8,5.25,4.99,1.0808,4432.6,4.2,5.25,4.99,4.49,2.31,1.45
1999-04-01,165.9,5.36,5.08,1.0564,4461.4,4.3,5.36,5.08,4.55,2.22,1.42
1999-05-01,166.0,5.64,5.42,1.0422,4486.1,4.2,5.64,5.42,4.66,2.18,1.38
1999-06-01,166.0,5.81,5.53,1.031,4508.0,4.3,5.81,5.53,4.78,2.18,1.4
1999-07-01,166.7,5.92,5.63,1.0694,4535.4,4.3,5.92,5.63,4.75,2.19,1.44
1999-08-01,167.1,5.98,5.73,1.0581,4552.7,4.2,5.98,5.73,4.98,2.23,1.45
1999-09-01,167.8,5.9,5.63,1.0643,4568.8,4.2,5.9,5.63,4.88,2.3,1.49
1999-10-01,168.1,6.02,5.79,1.0518,4592.7,4.1,6.02,5.79,5.12,2.28,1.36
1999-11-01,168.4,6.18,6.01,1.0077,4611.8,4.1,6.18,6.01,5.3,1.99,1.32
1999-12-01,168.8,6.45,6.24,1.007,4639.3,4.0,6.45,6.24,5.33,1.73,1.19
2000-01-01,169.3,6.68,6.61,0.9757,4667.6,4.0,6.68,6.61,5.76,1.68,1.1
2000-02-01,170.0,6.42,6.53,0.9643,4680.9,4.1,6.42,6.53,5.78,1.91,1.27
2000-03-01,171.0,6.03,6.5,0.9574,4711.7,4.0,6.03,6.5,5.88,2.3,1.57
2000-04-01,170.9,6.23,6.68,0.9089,4767.8,3.8,6.23,6.68,5.82,2.34,1.5
2000-05-01,171.2,6.29,6.69,0.9328,4755.7,4.0,6.29,6.69,5.63,2.52,1.59
2000-06-01,172.2,6.03,6.38,0.9545,4773.6,4.0,6.03,6.38,5.88,2.4,1.66
2000-07-01,172.7,6.04,6.3,0.9266,4791.3,4.0,6.04,6.3,6.27,2.27,1.56
2000-08-01,172.7,5.73,6.18,0.8878,4819.5,4.1,5.73,6.18,6.31,2.51,1.79
2000-09-01,173.6,5.8,5.98,0.8837,4855.3,3.9,5.8,5.98,6.23,2.54,1.84
2000-10-01,173.9,5.77,5.94,0.8486,4871.4,3.9,5.77,5.94,6.38,2.56,1.72
2000-11-01,174.2,5.48,5.61,0.8694,4882.8,3.9,5.48,5.61,6.21,2.64,1.83
2000-12-01,174.6,5.12,5.11,0.9388,4927.7,3.9,5.12,5.11,5.89,2.88,2.04
2001-01-01,175.6,5.19,4.62,0.9308,4978.4,4.2,5.19,4.62,4.99,2.62,1.92
2001-02-01,176.0,4.92,4.41,0.9212,5017.1,4.2,4.92,4.41,4.85,2.88,2.05
2001-03-01,176.1,4.93,4.18,0.8794,5074.9,4.3,4.93,4.18,4.3,3.04,2.13
2001-04-01,176.4,5.35,4.3,0.8874,5139.2,4.4,5.35,4.3,3.95,2.73,1.93
2001-05-01,177.3,5.43,4.22,0.8455,5137.3,4.3,5.43,4.22,3.63,2.65,1.86
2001-06-01,177.7,5.42,4.25,0.8474,5180.3,4.5,5.42,4.25,3.65,2.65,1.83
2001-07-01,177.4,5.07,3.79,0.8752,5210.2,4.6,5.07,3.79,3.54,2.78,1.96
2001-08-01,177.4,4.85,3.64,0.909,5243.9,4.9,4.85,3.64,3.37,2.9,2.07
2001-09-01,178.1,4.6,2.86,0.9099,5355.3,5.0,4.6,2.86,2.4,3.42,2.57
2001-10-01,177.6,4.3,2.44,0.8993,5344.0,5.3,4.3,2.44,2.05,3.38,2.51
2001-11-01,177.5,4.78,2.84,0.8958,5387.7,5.5,4.78,2.84,1.78,3.1,2.24
2001-12-01,177.4,5.07,3.07,0.8901,5440.7,5.7,5.07,3.07,1.74,2.85,1.54
2002-01-01,177.7,5.07,3.16,0.8594,5461.1,5.7,5.07,3.16,1.76,2.85,1.47
2002-02-01,178.0,4.88,3.06,0.8658,5490.4,5.7,4.88,3.06,1.79,2.98,1.64
2002-03-01,178.5,5.42,3.72,0.8717,5502.2,5.7,5.42,3.72,1.79,2.81,1.48
2002-04-01,179.3,5.11,3.24,0.9002,5502.3,5.9,5.11,3.24,1.77,2.84,1.6
2002-05-01,179.5,5.08,3.22,0.9339,5528.5,5.8,5.08,3.22,1.74,2.98,1.65
2002-06-01,179.6,4.86,2.9,0.9856,5553.5,5.8,4.86,2.9,1.7,3.13,1.75
2002-07-01,180.0,4.51,2.23,0.9796,5596.2,5.8,4.51,2.23,1.71,3.25,2.02
2002-08-01,180.5,4.14,2.14,0.9806,5638.4,5.7,4.14,2.14,1.69,3.32,2.14
2002-09-01,180.8,3.63,1.72,0.9879,5662.5,5.7,3.63,1.72,1.57,3.76,2.46
2002-10-01,181.2,3.93,1.68,0.9881,5707.2,5.7,3.93,1.68,1.44,3.82,2.41
2002-11-01,181.5,4.22,2.08,0.9932,5758.2,5.9,4.22,2.08,1.22,3.38,2.17
2002-12-01,181.8,3.83,1.61,1.0485,5779.5,6.0,3.83,1.61,1.22,3.48,2.26
2003-01-01,182.6,4.0,1.72,1.0739,5812.3,5.8,4.0,1.72,1.18,3.16,2.04
2003-02-01,183.6,3.71,1.53,1.0779,5848.4,5.9,3.71,1.53,1.2,3.21,2.12
2003-03-01,183.9,3.83,1.51,1.09,5868.6,5.9,3.83,1.51,1.14,3.04,1.94
2003-04-01,183.2,3.89,1.51,1.118,5905.7,6.0,3.89,1.51,1.13,2.76,1.64
2003-05-01,182.9,3.37,1.33,1.1766,5965.5,6.1,3.37,1.33,1.11,2.85,1.67
2003-06-01,183.1,3.54,1.32,1.1502,6002.4,6.3,3.54,1.32,0.9,2.81,1.62
2003-07-01,183.7,4.49,1.8,1.1231,6049.4,6.2,4.49,1.8,0.96,2.58,1.46
2003-08-01,184.5,4.45,1.95,1.0986,6107.3,6.1,4.45,1.95,0.98,2.46,1.38
2003-09-01,185.1,3.96,1.5,1.165,6079.9,6.1,3.96,1.5,0.95,2.57,1.47
2003-10-01,184.9,4.33,1.85,1.1609,6070.2,6.0,4.33,1.85,0.96,2.36,1.36
2003-11-01,185.0,4.34,2.06,1.1995,6075.7,5.8,4.34,2.06,0.93,2.33,1.3
2003-12-01,185.5,4.27,1.84,1.2597,6074.0,5.7,4.27,1.84,0.95,2.34,1.36
2004-01-01,186.3,4.16,1.84,1.2452,6082.2,5.7,4.16,1.84,0.92,2.19,1.37
2004-02-01,186.7,3.99,1.66,1.2441,6121.9,5.6,3.99,1.66,0.96,2.21,1.44
2004-03-01,187.1,3.86,1.6,1.2292,6158.0,5.8,3.86,1.6,0.95,2.29,1.51
2004-04-01,187.4,4.53,2.31,1.1975,6199.1,5.6,4.53,2.31,0.98,2.05,1.34
2004-05-01,188.2,4.66,2.54,1.2217,6275.9,5.6,4.66,2.54,1.08,2.03,1.31
2004-06-01,188.9,4.62,2.7,1.2179,6278.1,5.6,4.62,2.7,1.33,2.09,1.29
2004-07-01,189.1,4.5,2.68,1.2032,6291.3,5.5,4.5,2.68,1.45,2.1,1.31
2004-08-01,189.2,4.13,2.41,1.2183,6317.9,5.4,4.13,2.41,1.59,2.19,1.38
2004-09-01,189.8,4.14,2.63,1.2417,6352.3,5.4,4.14,2.63,1.71,2.11,1.33
2004-10-01,190.8,4.05,2.56,1.2746,6379.9,5.5,4.05,2.56,1.91,2.09,1.36
2004-11-01,191.7,4.36,3.02,1.3259,6406.5,5.4,4.36,3.02,2.23,1.95,1.26
2004-12-01,191.7,4.24,3.08,1.3538,6424.7,5.4,4.24,3.08,2.22,1.86,1.19
2005-01-01,191.6,4.14,3.29,1.3049,6431.0,5.3,4.14,3.29,2.51,1.75,1.08
2005-02-01,192.4,4.36,3.59,1.3274,6439.1,5.4,4.36,3.59,2.76,1.59,0.99
2005-03-01,193.1,4.5,3.8,1.2969,6448.4,5.2,4.5,3.8,2.79,1.64,0.9
2005-04-01,193.7,4.21,3.66,1.2919,6462.0,5.2,4.21,3.66,2.9,1.76,1.0
2005-05-01,193.6,4.0,3.6,1.2349,6479.2,5.1,4.0,3.6,2.99,1.9,1.02
2005-06-01,193.7,3.94,3.66,1.2098,6511.8,5.0,3.94,3.66,3.13,1.87,0.97
2005-07-01,194.9,4.28,4.02,1.2129,6543.7,5.0,4.28,4.02,3.42,1.67,0.8
2005-08-01,196.1,4.02,3.84,1.233,6576.5,4.9,4.02,3.84,3.52,1.77,0.89
2005-09-01,198.8,4.34,4.18,1.2058,6610.3,5.0,4.34,4.18,3.55,1.81,0.88
2005-10-01,199.1,4.57,4.4,1.1995,6644.1,5.0,4.57,4.4,3.98,1.83,0.86
2005-11-01,198.1,4.49,4.42,1.179,6660.8,5.0,4.49,4.42,3.95,1.89,0.93
2005-12-01,198.1,4.39,4.41,1.1842,6688.0,4.9,4.39,4.41,4.08,1.82,0.87
2006-01-01,199.3,4.53,4.54,1.2158,6730.3,4.7,4.53,4.54,4.47,1.78,0.86
2006-02-01,199.4,4.55,4.69,1.1925,6754.9,4.8,4.55,4.69,4.62,1.65,0.76
2006-03-01,199.7,4.86,4.82,1.2139,6769.5,4.7,4.86,4.82,4.63,1.69,0.81
2006-04-01,200.7,5.07,4.87,1.2624,6807.0,4.7,5.07,4.87,4.77,1.67,0.88
2006-05-01,201.3,5.12,5.04,1.2833,6813.9,4.6,5.12,5.04,4.86,1.66,0.83
2006-06-01,201.8,5.15,5.16,1.2779,6852.1,4.6,5.15,5.16,5.01,1.67,0.76
2006-07-01,202.9,4.99,4.97,1.2764,6893.9,4.7,4.99,4.97,5.1,1.68,0.8
2006-08-01,203.8,4.74,4.79,1.2793,6925.3,4.7,4.74,4.79,5.05,1.73,0.8
2006-09-01,202.8,4.64,4.71,1.2687,6952.6,4.5,4.64,4.71,4.89,1.72,0.78
2006-10-01,201.9,4.61,4.71,1.2773,7002.0,4.4,4.61,4.71,5.08,1.64,0.78
2006-11-01,202.0,4.46,4.62,1.3261,7037.5,4.5,4.46,4.62,5.03,1.64,0.74
2006-12-01,203.1,4.71,4.82,1.3197,7080.4,4.4,4.71,4.82,5.02,1.64,0.75
2007-01-01,203.437,4.83,4.94,1.2998,7118.5,4.6,4.83,4.94,5.12,1.57,0.65
2007-02-01,204.226,4.56,4.65,1.323,7134.6,4.5,4.56,4.65,5.16,1.6,0.69
2007-03-01,205.288,4.65,4.58,1.3374,7168.5,4.4,4.65,4.58,5.04,1.75,0.78
2007-04-01,205.904,4.63,4.6,1.366,7241.0,4.5,4.63,4.6,4.91,1.68,0.77
2007-05-01,206.755,4.9,4.92,1.3453,7254.9,4.4,4.9,4.92,4.73,1.6,0.67
2007-06-01,207.234,5.03,4.87,1.352,7288.1,4.6,5.03,4.87,4.82,1.59,0.7
2007-07-01,207.603,4.78,4.56,1.3711,7319.0,4.7,4.78,4.56,4.96,1.85,0.84
2007-08-01,207.667,4.54,4.15,1.3641,7395.1,4.6,4.54,4.15,4.01,2.05,1.22
2007-09-01,208.547,4.59,3.97,1.4219,7413.3,4.7,4.59,3.97,3.82,2.0,1.17
2007-10-01,209.19,4.48,3.94,1.4468,7428.4,4.7,4.48,3.94,3.94,1.99,1.14
2007-11-01,210.834,3.97,3.04,1.4688,7453.8,4.7,3.97,3.04,3.15,2.47,1.37
2007-12-01,211.445,4.04,3.05,1.4603,7484.2,5.0,4.04,3.05,3.36,2.52,1.37
2008-01-01,212.174,3.67,2.17,1.4841,7517.8,5.0,3.67,2.17,1.96,2.96,1.71
2008-02-01,212.687,3.53,1.65,1.5187,7604.2,4.9,3.53,1.65,1.85,3.22,1.89
2008-03-01,213.448,3.45,1.62,1.5805,7670.3,5.1,3.45,1.62,1.38,3.45,2.03
2008-04-01,213.942,3.77,2.29,1.5568,7712.8,5.0,3.77,2.29,1.43,3.1,1.74
2008-05-01,215.208,4.06,2.66,1.556,7725.5,5.4,4.06,2.66,1.89,3.0,1.61
2008-06-01,217.463,3.99,2.63,1.5748,7744.2,5.6,3.99,2.63,1.9,3.05,1.61
2008-07-01,219.016,3.99,2.52,1.5589,7791.5,5.8,3.99,2.52,1.68,3.22,1.74
2008-08-01,218.69,3.83,2.36,1.4669,7806.1,6.1,3.83,2.36,1.72,3.29,1.77
2008-09-01,218.877,3.85,2.0,1.4081,7872.7,6.1,3.85,2.0,0.92,4.0,2.16
2008-10-01,216.995,4.01,1.56,1.2682,7975.3,6.5,4.01,1.56,0.46,5.53,2.53
2008-11-01,213.153,2.93,1.0,1.2694,8027.3,6.8,2.93,1.0,0.01,6.1,2.67
2008-12-01,211.398,2.25,0.76,1.3919,8205.0,7.3,2.25,0.76,0.11,5.82,2.45
2009-01-01,211.933,2.87,0.94,1.2804,8289.4,7.8,2.87,0.94,0.24,5.38,2.45
2009-02-01,212.705,3.02,1.0,1.2662,8319.6,8.3,3.02,1.0,0.26,5.22,2.41
2009-03-01,212.495,2.71,0.81,1.3261,8386.7,8.7,2.71,0.81,0.21,5.74,2.68
2009-04-01,212.709,3.16,0.91,1.3244,8391.4,9.0,3.16,0.91,0.14,5.08,2.29
2009-05-01,213.022,3.47,0.92,1.4126,8449.5,9.4,3.47,0.92,0.14,4.29,1.89
2009-06-01,214.79,3.53,1.11,1.402,8459.5,9.5,3.53,1.11,0.19,3.64,1.84
2009-07-01,214.726,3.52,1.13,1.4279,8463.8,9.5,3.52,1.13,0.18,3.11,1.66
2009-08-01,215.445,3.4,0.97,1.4354,8463.3,9.6,3.4,0.97,0.15,2.98,1.72
2009-09-01,215.861,3.31,0.95,1.463,8461.8,9.8,3.31,0.95,0.14,2.86,1.73
2009-10-01,216.509,3.41,0.9,1.4755,8488.1,10.0,3.41,0.9,0.05,2.86,1.75
2009-11-01,217.234,3.21,0.67,1.4994,8517.3,9.9,3.21,0.67,0.06,2.99,1.8
2009-12-01,217.347,3.85,1.14,1.4332,8512.5,9.9,3.85,1.14,0.06,2.54,1.48
2010-01-01,217.488,3.63,0.82,1.387,8478.0,9.8,3.63,0.82,0.08,2.57,1.61
2010-02-01,217.281,3.61,0.81,1.366,8527.6,9.8,3.61,0.81,0.13,2.62,1.6
2010-03-01,217.353,3.84,1.02,1.3526,8523.7,9.9,3.84,1.02,0.16,2.47,1.48
2010-04-01,217.403,3.69,0.97,1.3302,8555.1,9.9,3.69,0.97,0.16,2.38,1.44
2010-05-01,217.29,3.31,0.76,1.2369,8609.3,9.6,3.31,0.76,0.16,2.89,1.7
2010-06-01,217.199,2.97,0.61,1.2291,8628.4,9.4,2.97,0.61,0.18,3.08,1.69
2010-07-01,217.605,2.94,0.55,1.3069,8639.8,9.4,2.94,0.55,0.15,2.91,1.76
2010-08-01,217.923,2.47,0.47,1.2704,8688.2,9.5,2.47,0.47,0.14,3.01,1.79
2010-09-01,218.275,2.53,0.42,1.3601,8718.9,9.5,2.53,0.42,0.16,3.05,2.01
2010-10-01,219.035,2.63,0.34,1.3894,8768.7,9.4,2.63,0.34,0.12,3.15,2.12
2010-11-01,219.59,2.81,0.45,1.3036,8789.3,9.8,2.81,0.45,0.17,3.03,1.98
2010-12-01,220.472,3.3,0.61,1.3269,8822.9,9.3,3.3,0.61,0.12,2.68,1.58
2011-01-01,221.187,3.42,0.58,1.3715,8845.2,9.1,3.42,0.58,0.15,2.68,1.7
2011-02-01,221.898,3.42,0.69,1.3793,8909.0,9.0,3.42,0.69,0.15,2.57,1.67
2011-03-01,223.046,3.47,0.8,1.4183,8967.0,9.0,3.47,0.8,0.09,2.58,1.68
2011-04-01,224.093,3.32,0.61,1.4821,9030.4,9.1,3.32,0.61,0.04,2.58,1.77
2011-05-01,224.806,3.05,0.45,1.4376,9102.7,9.0,3.05,0.45,0.06,2.65,1.89
2011-06-01,224.806,3.18,0.45,1.4523,9176.7,9.1,3.18,0.45,0.03,2.72,1.96
2011-07-01,225.395,2.82,0.36,1.4388,9338.7,9.0,2.82,0.36,0.1,2.77,1.85
2011-08-01,226.106,2.23,0.2,1.4406,9525.1,9.0,2.23,0.2,0.02,3.25,2.18
2011-09-01,226.597,1.92,0.25,1.3449,9545.3,9.0,1.92,0.25,0.02,3.3,2.04
2011-10-01,226.75,2.17,0.25,1.3947,9578.1,8.8,2.17,0.25,0.01,3.02,1.71
2011-11-01,227.169,2.08,0.25,1.3453,9629.8,8.6,2.08,0.25,0.01,3.24,1.99
2011-12-01,227.223,1.89,0.25,1.2973,9677.4,8.5,1.89,0.25,0.02,3.27,1.88
2012-01-01,227.842,1.83,0.22,1.3053,9750.5,8.3,1.83,0.22,0.06,3.24,1.89
2012-02-01,228.329,1.98,0.3,1.3359,9802.2,8.3,1.98,0.3,0.08,3.1,1.82
2012-03-01,228.807,2.23,0.33,1.3334,9846.2,8.2,2.23,0.33,0.07,3.07,1.81
2012-04-01,229.187,1.95,0.27,1.3229,9899.8,8.2,1.95,0.27,0.1,3.2,2.0
2012-05-01,228.713,1.59,0.27,1.2364,9943.0,8.2,1.59,0.27,0.07,3.4,2.04
2012-06-01,228.524,1.67,0.33,1.2668,10013.0,8.2,1.67,0.33,0.09,3.39,1.99
2012-07-01,228.59,1.51,0.23,1.2315,10065.7,8.2,1.51,0.23,0.11,3.27,1.78
2012-08-01,229.918,1.57,0.22,1.2578,10136.4,8.1,1.57,0.22,0.09,3.21,1.79
2012-09-01,231.015,1.65,0.23,1.2856,10216.6,7.8,1.65,0.23,0.1,3.07,1.77
2012-10-01,231.638,1.72,0.3,1.2958,10282.8,7.8,1.72,0.3,0.11,2.73,1.68
2012-11-01,231.249,1.62,0.25,1.301,10351.8,7.7,1.62,0.25,0.08,2.95,1.96
2012-12-01,231.221,1.78,0.25,1.3186,10474.4,7.9,1.78,0.25,0.05,2.85,1.89
2013-01-01,231.679,2.02,0.27,1.3584,10497.6,8.0,2.02,0.27,0.07,2.82,1.88
2013-02-01,232.937,1.89,0.25,1.3079,10516.6,7.7,1.89,0.25,0.11,2.89,1.95
2013-03-01,232.282,1.87,0.25,1.2816,10572.9,7.5,1.87,0.25,0.07,2.96,2.03
2013-04-01,231.797,1.7,0.22,1.3168,10600.4,7.6,1.7,0.22,0.05,2.83,2.0
2013-05-01,231.893,2.16,0.3,1.2988,10634.7,7.5,2.16,0.3,0.04,2.79,1.93
2013-06-01,232.445,2.52,0.36,1.301,10692.3,7.5,2.52,0.36,0.04,2.83,1.8
2013-07-01,232.9,2.6,0.31,1.3282,10731.5,7.3,2.6,0.31,0.04,2.68,1.78
2013-08-01,233.456,2.78,0.39,1.3196,10789.6,7.2,2.78,0.39,0.03,2.56,1.71
2013-09-01,233.544,2.64,0.33,1.3535,10850.0,7.2,2.64,0.33,0.02,2.75,1.92
2013-10-01,233.669,2.57,0.31,1.3594,10974.2,7.2,2.57,0.31,0.04,2.65,1.91
2013-11-01,234.1,2.75,0.28,1.3606,10982.9,6.9,2.75,0.28,0.06,2.61,1.87
2013-12-01,234.719,3.04,0.38,1.3779,11047.8,6.7,3.04,0.38,0.07,2.33,1.53
2014-01-01,235.288,2.67,0.34,1.35,11117.6,6.6,2.67,0.34,0.02,2.4,1.76
2014-02-01,235.547,2.66,0.33,1.3806,11183.2,6.7,2.66,0.33,0.05,2.35,1.66
2014-03-01,236.028,2.73,0.44,1.3777,11219.1,6.7,2.73,0.44,0.05,2.26,1.59
2014-04-01,236.468,2.67,0.42,1.387,11264.0,6.2,2.67,0.42,0.03,2.16,1.54
2014-05-01,236.918,2.48,0.37,1.364,11328.5,6.3,2.48,0.37,0.04,2.22,1.68
2014-06-01,237.231,2.53,0.47,1.369,11383.7,6.1,2.53,0.47,0.04,2.18,1.62
2014-07-01,237.498,2.58,0.53,1.339,11438.4,6.2,2.58,0.53,0.03,2.17,1.57
2014-08-01,237.46,2.35,0.48,1.315,11462.5,6.1,2.35,0.48,0.03,2.23,1.6
2014-09-01,237.477,2.52,0.58,1.2628,11503.7,5.9,2.52,0.58,0.02,2.29,1.53
2014-10-01,237.43,2.35,0.5,1.253,11577.5,5.7,2.35,0.5,0.01,2.39,1.55
2014-11-01,236.983,2.18,0.47,1.2438,11618.2,5.8,2.18,0.47,0.02,2.52,1.65
2014-12-01,236.252,2.17,0.67,1.2101,11701.9,5.6,2.17,0.67,0.04,2.51,1.55
2015-01-01,234.747,1.68,0.47,1.129,11788.8,5.7,1.68,0.47,0.02,2.61,1.61
2015-02-01,235.342,2.0,0.63,1.1197,11905.6,5.5,2.0,0.63,0.02,2.46,1.64
2015-03-01,235.976,1.94,0.56,1.0741,11903.7,5.4,1.94,0.56,0.03,2.55,1.58
2015-04-01,236.222,2.05,0.58,1.1162,11937.6,5.4,2.05,0.58,0.01,2.6,1.69
2015-05-01,237.001,2.12,0.61,1.0994,11965.0,5.6,2.12,0.61,0.01,2.72,1.82
2015-06-01,237.657,2.35,0.64,1.1154,12005.6,5.3,2.35,0.64,0.01,2.83,1.84
2015-07-01,238.034,2.2,0.67,1.1028,12049.2,5.2,2.2,0.67,0.08,2.94,1.87
2015-08-01,238.033,2.21,0.74,1.1194,12093.7,5.1,2.21,0.74,0.08,3.15,1.94
2015-09-01,237.498,2.06,0.64,1.1162,12154.8,5.0,2.06,0.64,0.0,3.29,1.94
2015-10-01,237.733,2.16,0.75,1.1042,12206.1,5.0,2.16,0.75,0.08,3.19,1.82
2015-11-01,238.017,2.21,0.94,1.0562,12297.5,5.1,2.21,0.94,0.22,3.2,1.78
2015-12-01,237.761,2.27,1.06,1.0859,12368.7,5.0,2.27,1.06,0.16,3.23,1.77
2016-01-01,237.652,1.94,0.76,1.0832,12506.0,4.8,1.94,0.76,0.33,3.48,2.11
2016-02-01,237.336,1.74,0.78,1.0868,12578.2,4.9,1.74,0.78,0.33,3.55,2.1
2016-03-01,238.08,1.78,0.73,1.139,12629.0,5.0,1.78,0.73,0.21,3.12,1.94
2016-04-01,238.992,1.83,0.77,1.1441,12708.0,5.1,1.83,0.77,0.22,2.86,1.8
2016-05-01,239.557,1.84,0.87,1.1135,12775.0,4.8,1.84,0.87,0.34,2.84,1.79
2016-06-01,240.222,1.49,0.58,1.1032,12835.4,4.9,1.49,0.58,0.26,2.92,1.9
2016-07-01,240.101,1.46,0.67,1.1168,12889.7,4.8,1.46,0.67,0.28,2.71,1.79
2016-08-01,240.545,1.58,0.8,1.1146,12973.9,4.9,1.58,0.8,0.33,2.61,1.66
2016-09-01,241.176,1.6,0.77,1.1238,13034.2,5.0,1.6,0.77,0.29,2.69,1.84
2016-10-01,241.741,1.84,0.86,1.0962,13107.5,4.9,1.84,0.86,0.34,2.61,1.77
2016-11-01,242.026,2.37,1.11,1.0578,13181.0,4.7,2.37,1.11,0.48,2.45,1.64
2016-12-01,242.637,2.45,1.2,1.0552,13226.1,4.7,2.45,1.2,0.51,2.28,1.53
2017-01-01,243.618,2.45,1.19,1.0794,13300.7,4.7,2.45,1.19,0.52,2.23,1.54
2017-02-01,244.006,2.36,1.22,1.0618,13367.3,4.6,2.36,1.22,0.53,2.19,1.48
2017-03-01,243.892,2.4,1.27,1.0698,13428.7,4.4,2.4,1.27,0.76,2.24,1.54
2017-04-01,244.193,2.29,1.28,1.0895,13484.7,4.4,2.29,1.28,0.8,2.28,1.56
2017-05-01,244.004,2.21,1.28,1.1236,13536.7,4.4,2.21,1.28,0.98,2.23,1.54
2017-06-01,244.163,2.31,1.38,1.1411,13558.5,4.3,2.31,1.38,1.03,2.09,1.4
2017-07-01,244.243,2.3,1.34,1.1826,13615.4,4.3,2.3,1.34,1.07,2.06,1.38
2017-08-01,245.183,2.12,1.33,1.1894,13674.6,4.4,2.12,1.33,1.01,2.14,1.47
2017-09-01,246.435,2.33,1.47,1.1813,13723.0,4.3,2.33,1.47,1.06,2.0,1.29
2017-10-01,246.626,2.38,1.6,1.1648,13782.3,4.2,2.38,1.6,1.15,1.91,1.2
2017-11-01,247.284,2.42,1.78,1.1898,13814.9,4.2,2.42,1.78,1.27,1.88,1.19
2017-12-01,247.805,2.4,1.89,1.2022,13873.8,4.1,2.4,1.89,1.39,1.77,1.05
2018-01-01,248.859,2.72,2.14,1.2428,13883.2,4.0,2.72,2.14,1.46,1.56,0.87
2018-02-01,249.529,2.87,2.25,1.2211,13919.3,4.1,2.87,2.25,1.65,1.68,0.97
2018-03-01,249.577,2.74,2.27,1.232,13976.0,4.0,2.74,2.27,1.73,1.85,1.03
2018-04-01,250.227,2.95,2.49,1.2074,13993.9,4.0,2.95,2.49,1.87,1.79,1.0
2018-05-01,250.792,2.83,2.4,1.167,14049.6,3.8,2.83,2.4,1.93,1.89,1.02
2018-06-01,251.018,2.85,2.52,1.1677,14109.9,4.0,2.85,2.52,1.93,1.99,1.08
2018-07-01,251.214,2.96,2.67,1.1706,14144.2,3.8,2.96,2.67,2.03,1.83,0.93
2018-08-01,251.663,2.86,2.62,1.1596,14193.9,3.8,2.86,2.62,2.11,1.92,1.05
2018-09-01,252.182,3.05,2.81,1.1622,14229.3,3.7,3.05,2.81,2.19,1.84,0.94
2018-10-01,252.772,3.15,2.87,1.1332,14241.4,3.8,3.15,2.87,2.34,2.03,1.12
2018-11-01,252.594,3.01,2.8,1.1323,14260.8,3.8,3.01,2.8,2.37,2.27,1.21
2018-12-01,252.767,2.69,2.48,1.1456,14382.6,3.9,2.69,2.48,2.45,2.45,1.3
2019-01-01,252.561,2.63,2.45,1.1454,14446.1,4.0,2.63,2.45,2.41,2.38,1.16
2019-02-01,253.319,2.73,2.52,1.1379,14481.2,3.8,2.73,2.52,2.45,2.22,1.13
2019-03-01,254.277,2.41,2.27,1.1228,14526.2,3.8,2.41,2.27,2.4,2.26,1.21
2019-04-01,255.233,2.51,2.27,1.1201,14554.5,3.7,2.51,2.27,2.43,2.14,1.2
2019-05-01,255.296,2.14,1.95,1.1149,14652.4,3.6,2.14,1.95,2.35,2.37,1.37
2019-06-01,255.213,2.0,1.75,1.1374,14771.4,3.6,2.0,1.75,2.12,2.31,1.25
2019-07-01,255.802,2.02,1.89,1.113,14853.5,3.7,2.02,1.89,2.08,2.13,1.24
2019-08-01,256.036,1.5,1.5,1.0989,14934.7,3.6,1.5,1.5,1.99,2.26,1.35
2019-09-01,256.43,1.68,1.63,1.0905,15031.4,3.5,1.68,1.63,1.88,2.2,1.33
2019-10-01,257.155,1.69,1.52,1.1155,15167.3,3.6,1.69,1.52,1.54,2.18,1.3
2019-11-01,257.879,1.78,1.61,1.1019,15276.9,3.6,1.78,1.61,1.59,2.08,1.17
2019-12-01,258.63,1.92,1.58,1.1227,15348.0,3.6,1.92,1.58,1.55,1.98,1.12
2020-01-01,259.127,1.51,1.33,1.1082,15416.8,3.6,1.51,1.33,1.55,2.13,1.31
2020-02-01,259.25,1.13,0.86,1.1001,15467.0,3.5,1.13,0.86,1.27,2.38,1.57
2020-03-01,258.076,0.7,0.23,1.1016,15993.8,4.4,0.7,0.23,0.11,3.93,2.03
2020-04-01,256.032,0.64,0.2,1.0934,17005.8,14.8,0.64,0.2,0.09,3.23,1.74
2020-05-01,255.802,0.65,0.16,1.1107,17853.4,13.2,0.65,0.16,0.14,3.08,1.78
2020-06-01,257.042,0.66,0.16,1.1237,18141.1,11.0,0.66,0.16,0.16,2.93,1.68
2020-07-01,258.352,0.55,0.11,1.1822,18298.0,10.2,0.55,0.11,0.09,2.6,1.48
2020-08-01,259.316,0.72,0.14,1.195,18364.3,8.4,0.72,0.14,0.11,2.67,1.7
2020-09-01,259.997,0.69,0.13,1.1723,18596.6,7.8,0.69,0.13,0.1,2.75,1.63
2020-10-01,260.319,0.88,0.14,1.1647,18751.3,6.9,0.88,0.14,0.09,2.61,1.51
2020-11-01,260.911,0.84,0.16,1.1948,18979.1,6.7,0.84,0.16,0.08,2.29,1.36
2020-12-01,262.045,0.93,0.13,1.223,19133.2,6.7,0.93,0.13,0.09,2.18,1.3
2021-01-01,262.639,1.11,0.11,1.2135,19359.7,6.4,1.11,0.11,0.06,2.17,1.4
2021-02-01,263.573,1.44,0.14,1.2093,19596.7,6.2,1.44,0.14,0.04,2.12,1.42
2021-03-01,264.847,1.74,0.16,1.1743,19823.4,6.1,1.74,0.16,0.03,2.03,1.3
2021-04-01,266.625,1.65,0.16,1.203,20160.7,6.1,1.65,0.16,0.01,1.96,1.29
2021-05-01,268.404,1.58,0.14,1.2194,20426.9,5.8,1.58,0.14,0.01,1.99,1.32
2021-06-01,270.71,1.45,0.25,1.1848,20474.7,5.9,1.45,0.25,0.05,1.87,1.18
2021-07-01,271.965,1.24,0.19,1.1864,20628.7,5.4,1.24,0.19,0.06,1.95,1.27
2021-08-01,272.752,1.3,0.2,1.18,20811.0,5.1,1.3,0.2,0.04,1.94,1.24
2021-09-01,273.942,1.52,0.28,1.1577,20978.6,4.7,1.52,0.28,0.04,1.85,1.18
2021-10-01,276.528,1.55,0.48,1.1552,21142.9,4.5,1.55,0.48,0.05,1.69,1.04
2021-11-01,278.824,1.43,0.52,1.1287,21316.7,4.2,1.43,0.52,0.05,1.81,1.14
2021-12-01,280.806,1.52,0.73,1.1318,21470.9,3.9,1.52,0.73,0.06,1.85,1.19
2022-01-01,282.542,1.79,1.18,1.1212,21585.9,4.0,1.79,1.18,0.22,1.93,1.27
2022-02-01,284.525,1.83,1.44,1.1224,21684.2,3.8,1.83,1.44,0.35,2.34,1.43
2022-03-01,287.467,2.32,2.28,1.1093,21720.8,3.7,2.32,2.28,0.52,1.93,1.06
2022-04-01,288.582,2.89,2.7,1.0537,21749.6,3.7,2.89,2.7,0.85,2.05,1.12
2022-05-01,291.299,2.85,2.53,1.0731,21689.9,3.6,2.85,2.53,1.16,2.18,1.15
2022-06-01,295.072,2.98,2.92,1.0469,21642.5,3.6,2.98,2.92,1.72,2.31,1.21
2022-07-01,294.94,2.67,2.89,1.0202,21641.8,3.5,2.67,2.89,2.41,2.36,1.18
2022-08-01,295.162,3.15,3.45,1.0065,21606.6,3.6,3.15,3.45,2.96,2.18,1.12
2022-09-01,296.421,3.83,4.22,0.9783,21520.5,3.5,3.83,4.22,3.33,2.24,1.08
2022-10-01,297.979,4.1,4.51,0.9885,21424.6,3.6,4.1,4.51,4.22,2.28,1.08
2022-11-01,298.708,3.68,4.38,1.0323,21358.0,3.6,3.68,4.38,4.37,2.15,0.98
2022-12-01,298.808,3.88,4.41,1.0698,21219.3,3.5,3.88,4.41,4.42,1.99,0.82
2023-01-01,300.456,3.52,4.21,1.0858,21205.1,3.5,3.52,4.21,4.7,1.9,0.89
2023-02-01,301.476,3.92,4.81,1.0602,21184.6,3.6,3.92,4.81,4.88,1.9,0.84
2023-03-01,301.643,3.48,4.06,1.0872,20876.3,3.5,3.48,4.06,4.85,2.11,0.9
2023-04-01,302.858,3.44,4.04,1.104,20729.9,3.4,3.44,4.04,5.1,2.08,1.01
2023-05-01,303.316,3.64,4.4,1.0654,20801.4,3.6,3.64,4.4,5.52,2.16,1.03
2023-06-01,304.099,3.81,4.87,1.092,20782.6,3.6,3.81,4.87,5.43,1.88,0.79
2023-07-01,304.615,3.97,4.88,1.102,20772.3,3.5,3.97,4.88,5.55,1.77,0.69
2023-08-01,306.138,4.09,4.85,1.0839,20746.9,3.7,4.09,4.85,5.56,1.83,0.76
2023-09-01,307.374,4.59,5.03,1.0584,20720.0,3.8,4.59,5.03,5.55,1.78,0.77
2023-10-01,307.653,4.88,5.07,1.0568,20687.3,3.9,4.88,5.07,5.59,1.85,0.84
2023-11-01,308.087,4.37,4.73,1.0908,20696.8,3.7,4.37,4.73,5.45,1.67,0.64
2023-12-01,308.735,3.88,4.23,1.1062,20701.4,3.8,3.88,4.23,5.4,1.61,0.77
2024-01-01,309.794,3.99,4.27,1.0855,20773.3,3.7,3.99,4.27,5.42,1.61,0.87
2024-02-01,311.022,4.25,4.64,1.0807,20861.6,3.9,4.25,4.64,5.45,1.55,0.8
2024-03-01,312.107,4.2,4.59,1.0791,20901.5,3.9,4.2,4.59,5.46,1.5,0.77
2024-04-01,313.016,4.69,5.04,1.0684,20932.9,3.9,4.69,5.04,5.46,1.44,0.72
2024-05-01,313.14,4.51,4.89,1.0846,20997.1,4.0,4.51,4.89,5.46,1.46,0.79
2024-06-01,313.131,4.36,4.71,1.0711,21065.5,4.1,4.36,4.71,5.48,1.55,0.83
2024-07-01,313.566,4.09,4.29,1.0823,21098.2,4.2,4.09,4.29,5.41,1.68,0.95
2024-08-01,314.131,3.91,3.91,1.106,21185.7,4.2,3.91,3.91,5.21,1.69,0.96
2024-09-01,314.851,3.81,3.66,1.1145,21272.2,4.1,3.81,3.66,4.73,1.63,0.91
2024-10-01,315.564,4.28,4.16,1.0855,21335.5,4.1,4.28,4.16,4.64,1.46,0.81
2024-11-01,316.449,4.18,4.13,1.0547,21454.5,4.2,4.18,4.13,4.58,1.44,0.83
2024-12-01,317.603,4.58,4.25,1.0351,21490.1,4.1,4.58,4.25,4.37,1.42,0.82
2025-01-01,319.086,4.58,4.22,1.04,21577.1,4.0,4.58,4.22,4.31,1.45,0.85
2025-02-01,319.775,4.24,3.99,1.0402,21671.0,4.1,4.24,3.99,4.32,1.57,0.97
2025-03-01,,4.27,3.89,1.0826,,,4.27,3.89,4.33,1.68,1.02
